{
  "nombre": "adaptar",
  "tipo": "bimanual",
  "manos": 2,
  "dimensiones": 84,
  "frames_totales": 72,
  "desplazamientos": 43,
  "sigma": 0.9720834500931717,
  "k": 0.07,
  "umbral": 0.90,
  "umbral_porcentaje": 90,
  "firma_promedio": [
    -0.0002506333728169286,
    -0.0008091496866802837,
    -0.00023899452630863634,
    -0.001301685044931811,
    -0.0001551876234453778,
    -0.0014143724774205407,
    -7.804050001987191e-07,
    -0.0013404446978901709,
    8.801804032436637e-05,
    -0.0011976790982623432,
    -0.0003001211687575939,
    -0.0006611125413761583,
    8.620079173598178e-05,
    -0.0006175761999085892,
    0.0002450166746627453,
    -0.0007164436717366063,
    0.0003195945606675259,
    -0.0007898280786913495,
    -0.00012943356536155524,
    -0.00037315557169359786,
    0.0003507185813992522,
    -0.00038343390753102854,
    0.0006512306457342104,
    -0.0005662995715473973,
    0.000800392655439155,
    -0.0007682900096094886,
    0.00014906913735145746,
    -0.00031754166580909906,
    0.0006824302118878032,
    -0.0003560920094334802,
    0.0010022604188253713,
    -0.0006384641625160395,
    0.0011666562668112821,
    -0.0009315651516581691,
    0.0005367155684981236,
    -0.00045194320900495663,
    0.0009955957878467648,
    -0.0005305908447088198,
    0.001295116058615751,
    -0.0007117141124814056,
    0.001514671153800432,
    -0.0009127619654633278,
    -0.0014921482219252475,
    -0.003438503243202387,
    -0.001797064792278201,
    -0.0031679272651672363,
    -0.0019868071689162145,
    -0.0029050846432530602,
    -0.0020550517148749774,
    -0.0023585530214531476,
    -0.0019849206126013466,
    -0.001740950484608495,
    -0.0010645611341609511,
    -0.004726199216620867,
    -0.0012280150901439579,
    -0.004883804986643237,
    -0.0013552502144214718,
    -0.00464479313340298,
    -0.0014645595883214196,
    -0.004317772942920064,
    -0.0007730777873549351,
    -0.004757903343023256,
    -0.0009586686311766158,
    -0.0045098066329956055,
    -0.0011573863583941792,
    -0.004174271295236987,
    -0.0013248047163320143,
    -0.003923515940821448,
    -0.0005261884179226187,
    -0.004562224066534708,
    -0.0006797452305638513,
    -0.004239008870235709,
    -0.0008859176968419274,
    -0.003916729328244231,
    -0.0010281607162120731,
    -0.003730672736500585,
    -0.0003558425016181414,
    -0.004205111847367398,
    -0.0004196763038635254,
    -0.003887143245963163,
    -0.0005197622055231138,
    -0.003729207571162734,
    -0.0006243572678676871,
    -0.0035953688067059185
  ],
  "descripcion": "Gesto adaptar en LSE",
  "version": "1.0",
  "metadata": {
    "fecha_entrenamiento": "2025-12-07T19:23:15.990926",
    "tasa_deteccion": 61.111111111111114,
    "frames_interpolados": 0,
    "norma_firma": 0.019618555094991264
  }
}