{
  "nombre": "cambio",
  "tipo": "bimanual",
  "manos": 2,
  "dimensiones": 84,
  "frames_totales": 76,
  "desplazamientos": 47,
  "sigma": 2.1611870893103786,
  "k": 0.07,
  "umbral": 0.8487169037482735,
  "umbral_porcentaje": 84.87169037482735,
  "firma_promedio": [
    -7.16200534333574e-05,
    0.0008259504399401077,
    -0.0004919431311018924,
    0.00047660000780795484,
    -0.000561264601159603,
    0.000348304180388755,
    -0.0004394231958592192,
    0.0002041459083557129,
    -9.720693243310806e-05,
    2.686140385079891e-05,
    0.0003667911316486115,
    0.002382102164816349,
    0.00029822486512204435,
    0.0025486299332152023,
    0.0005706168235616482,
    0.0021442631457714322,
    0.0008781374769007906,
    0.0019437239525165963,
    0.000630825123888381,
    0.0024104714393615723,
    0.0004524100334086317,
    0.0020000249781507128,
    0.0010284686342198798,
    0.0018473394373629956,
    0.0015746640398147259,
    0.0020965527980885607,
    0.0007906308833588946,
    0.0021738765087533506,
    0.0004973627151326931,
    0.0018104035803612243,
    0.0010170809766079517,
    0.001800805964368455,
    0.0015992896353944819,
    0.0021301064085453114,
    0.0008635330707468885,
    0.001850286696819549,
    0.0006315562319248281,
    0.001646309456926711,
    0.001032008135572393,
    0.0018406675216999459,
    0.0015573951792209706,
    0.002229506665087761,
    0.012878560005350316,
    0.01871745637122621,
    0.01216681460116772,
    0.017952919006347656,
    0.011543327189506368,
    0.01728403314631036,
    0.010959040611348253,
    0.017017162860708035,
    0.01046050989881475,
    0.01684155616354435,
    0.012193397004553613,
    0.016325575240114902,
    0.011358091171751631,
    0.016169663439405724,
    0.010754416597650406,
    0.01654135673604113,
    0.010437355396595406,
    0.01693836044757924,
    0.012541162206771527,
    0.016833915355357717,
    0.011358096244487357,
    0.01719192367918948,
    0.011081273251391471,
    0.01788376366838496,
    0.011233319627477768,
    0.018156410531794773,
    0.012757364739762975,
    0.017563031074848582,
    0.011610885883899445,
    0.017991892834927175,
    0.01150575470417104,
    0.01845742032883015,
    0.011755731511623301,
    0.01853255642221329,
    0.012855824003828334,
    0.01831153225391469,
    0.011947893081827367,
    0.018575888998965,
    0.011833397631949566,
    0.01883797823114598,
    0.012050135338560064,
    0.01885653556661403
  ],
  "descripcion": "Gesto cambio en LSE",
  "version": "1.0",
  "metadata": {
    "fecha_entrenamiento": "2025-12-07T19:30:29.016949",
    "tasa_deteccion": 63.1578947368421,
    "frames_interpolados": 0,
    "norma_firma": 0.09761715688195395
  }
}