{
  "nombre": "curioso",
  "tipo": "unimanual",
  "manos": 1,
  "dimensiones": 42,
  "frames_totales": 61,
  "desplazamientos": 35,
  "sigma": 0.23618892276917486,
  "k": 0.15,
  "umbral": 0.90,
  "umbral_porcentaje": 90,
  "firma_promedio": [
    0.0013685098716190883,
    -0.005049877507346017,
    0.0014067811625344412,
    -0.006659398760114397,
    0.0012668166841779437,
    -0.007681669507707868,
    0.0011939934321812222,
    -0.007389053276606969,
    0.0012952821595328195,
    -0.006568491458892822,
    0.00010682685034615652,
    -0.008082716805594308,
    0.0002535036631992885,
    -0.008367688315255301,
    0.0011553755828312465,
    -0.007829155240740095,
    0.0019235610961914062,
    -0.007327624729701451,
    -0.00021318026951381138,
    -0.006850470815386091,
    0.0003008672169276646,
    -0.006961028916495187,
    0.0012125185557774136,
    -0.006568797997065953,
    0.0019129872322082519,
    -0.006314281054905483,
    -0.0003207479204450335,
    -0.0053916760853358675,
    0.00043237549918038505,
    -0.004934259823390416,
    0.0008088937827519008,
    -0.004447974477495466,
    0.0009349422795431955,
    -0.004250133037567138,
    -0.0002687394618988037,
    -0.003911854539598737,
    0.0002923497131892613,
    -0.0035162499972752163,
    0.0005940292562757219,
    -0.003285316058567592,
    0.000688345091683524,
    -0.003231377261025565
  ],
  "descripcion": "Gesto curioso en Lengua de Signos Española (unimanual)",
  "version": "1.0",
  "metadata": {
    "fecha_entrenamiento": "2025-12-07T18:57:50.711968",
    "tasa_deteccion": 54.09836065573771,
    "frames_interpolados": 3,
    "norma_firma": 0.028587557441931467
  }
}