{
  "nombre": "inteligencia",
  "tipo": "unimanual",
  "manos": 1,
  "dimensiones": 42,
  "frames_totales": 64,
  "desplazamientos": 38,
  "sigma": 0.29834535168620296,
  "k": 0.15,
  "umbral": 0.90,
  "umbral_porcentaje": 90,
  "firma_promedio": [
    -0.0026379349200349104,
    -0.0022736379974766783,
    -0.002765177504012459,
    -0.002952274523283306,
    -0.002935802073855149,
    -0.0037499713270287764,
    -0.0029690806802950406,
    -0.003906336269880596,
    -0.002807663459526865,
    -0.0038872643520957545,
    -0.003631694928595894,
    -0.005581658137472053,
    -0.003319756372978813,
    -0.005462605702249627,
    -0.003340428204912888,
    -0.005548197972147088,
    -0.0034329279472953395,
    -0.0057087791593451245,
    -0.0037856070618880423,
    -0.005124026223232872,
    -0.0032862546412568343,
    -0.0046554521510475564,
    -0.003250079719643844,
    -0.004779741952293797,
    -0.0033144607747855937,
    -0.005066824586767899,
    -0.003671817089381971,
    -0.00441213187418486,
    -0.0030380765858449435,
    -0.003905173979307476,
    -0.0029736449451822984,
    -0.004188997180838334,
    -0.003078443831519077,
    -0.004632218887931422,
    -0.0034302969120050732,
    -0.0035944518290067975,
    -0.002846303346909975,
    -0.0031880014821102746,
    -0.0026653444296435304,
    -0.0034580481679815996,
    -0.0026910242281462018,
    -0.003869431583504928
  ],
  "descripcion": "Gesto inteligencia en Lengua de Signos Española (unimanual)",
  "version": "1.0",
  "metadata": {
    "fecha_entrenamiento": "2025-12-07T18:55:23.028108",
    "tasa_deteccion": 56.25,
    "frames_interpolados": 3,
    "norma_firma": 0.02473600205630189
  }
}